Submission id,Participant id,Status,Custom study tncs accepted at,Started at,Completed at,Reviewed at,Archived at,Time taken,Completion code,Total approvals,Age,Sex,Ethnicity simplified,Country of birth,Country of residence,Nationality,Language,Student status,Employment status
6a055063b4b0888d94009077,69feae34da36108dbb44e6dc,APPROVED,Not Applicable,2026-05-14T04:32:39.405000Z,2026-05-14T04:47:50.387000Z,2026-05-28T15:46:36.804000Z,2026-05-14T04:47:50.747555Z,911.0,NOCODE,49,26,Female,Mixed,United States,United States,United States,English,No,Unemployed (and job seeking)
6a055065345f5d99cc90a24c,69fa1e77076a43356b5a1754,APPROVED,Not Applicable,2026-05-14T04:32:45.026000Z,2026-05-14T04:43:01.058000Z,2026-05-28T15:46:37.389000Z,2026-05-14T04:43:01.387468Z,617.0,NOCODE,45,31,Female,White,United States,United States,United States,English,No,"Not in paid work (e.g. homemaker', 'retired or disabled)"
6a055068c6b2eecabc2bce23,69fb85c62b92db7fae0e42a2,APPROVED,Not Applicable,2026-05-14T04:32:45.879000Z,2026-05-14T04:41:28.889000Z,2026-05-28T15:46:38.056000Z,2026-05-14T04:41:29.244117Z,524.0,NOCODE,61,35,Male,White,United States,United States,United States,English,Yes,Unemployed (and job seeking)
6a0550739c1183061001f482,69e0212b70f9b527bb4a2e09,APPROVED,Not Applicable,2026-05-14T04:32:51.232000Z,2026-05-14T04:46:35.059000Z,2026-05-28T15:46:39.964000Z,2026-05-14T04:46:35.422754Z,824.0,XXXXXXX,408,66,Female,Black,United States,United States,United States,English,No,Full-Time
6a055077396b3fbbce8bee45,6a01615cde9884d9e0e257ca,APPROVED,Not Applicable,2026-05-14T04:32:59.281000Z,2026-05-14T04:47:07.190000Z,2026-05-28T15:46:40.919000Z,2026-05-14T04:47:07.587945Z,848.0,NOCODE,17,35,Female,Black,United States,United States,United States,English,Yes,Full-Time
6a0550e1d665ba773220c151,69925a1bc1df0d307f2acbc5,APPROVED,Not Applicable,2026-05-14T04:34:46.475000Z,2026-05-14T04:52:36.832000Z,2026-05-28T15:46:41.935000Z,2026-05-14T04:52:37.174762Z,1071.0,NOCODE,309,36,Female,White,United States,United States,United States,English,DATA_EXPIRED,Full-Time
6a0551682b1bbf447719ca46,673feeafa80a279f5cc63e33,APPROVED,Not Applicable,2026-05-14T04:43:49.711000Z,2026-05-14T05:09:15.042000Z,2026-05-28T15:46:42.832000Z,2026-05-14T05:09:15.397184Z,1526.0,XXXXXXX,8634,63,Female,White,United States,United States,United States,English,No,Full-Time
6a0551682d1595c198a6b85f,66a428de01ccbc61556d585b,APPROVED,Not Applicable,2026-05-14T04:37:00.502000Z,2026-05-14T04:47:26.027000Z,2026-05-28T15:46:43.569000Z,2026-05-14T04:47:26.364331Z,626.0,NOCODE,3899,50,Female,White,United States,United States,United States,English,Yes,Part-Time
6a05516bd0af17e168006a82,69f5586920a7ce20c7284206,APPROVED,Not Applicable,2026-05-14T04:37:13.601000Z,2026-05-14T04:54:26.938000Z,2026-05-28T15:46:43.966000Z,2026-05-14T04:54:27.252862Z,1034.0,XXXXXXX,70,23,Female,White,United States,United States,United States,English,No,Unemployed (and job seeking)
6a05516c43554641f346bb0a,5d9b7c7efaa2860364b16476,APPROVED,Not Applicable,2026-05-14T04:37:42.823000Z,2026-05-14T04:59:59.163000Z,2026-05-28T15:46:44.348000Z,2026-05-14T05:00:00.257859Z,1337.0,XXXXXXX,5802,36,Male,White,United States,United States,United States,English,DATA_EXPIRED,DATA_EXPIRED
6a055174938b0ae633ce8fce,69e92d90ad35312104e55068,APPROVED,Not Applicable,2026-05-14T04:37:31.575000Z,2026-05-14T04:53:47.375000Z,2026-05-28T15:46:44.837000Z,2026-05-14T04:53:47.699292Z,976.0,NOCODE,31,27,Female,White,United States,United States,United States,English,No,Full-Time
6a0551ded5c3e8c3f1a6b826,69ebeb67751874133aa403e1,APPROVED,Not Applicable,2026-05-14T04:38:58.519000Z,2026-05-14T04:46:48.518000Z,2026-05-28T15:46:45.481000Z,2026-05-14T04:46:48.847344Z,470.0,NOCODE,89,35,Male,White,United States,United States,United States,English,No,Full-Time
6a0551e36111ec6f7914db25,67a6f466f1d636685d026656,APPROVED,Not Applicable,2026-05-14T04:39:02.783000Z,2026-05-14T04:57:41.303000Z,2026-05-28T15:46:47.218000Z,2026-05-14T04:57:41.636089Z,1119.0,XXXXXXX,482,20,Female,White,United States,United States,United States,English,DATA_EXPIRED,DATA_EXPIRED
6a0551e72e8dd31d682bce10,6444b1e677ebe8b4e2c23abd,APPROVED,Not Applicable,2026-05-14T04:42:24.075000Z,2026-05-14T05:05:36.450000Z,2026-05-28T15:46:48.156000Z,2026-05-14T05:05:36.788735Z,1393.0,XXXXXXX,10282,55,Female,Black,United States,United States,United States,English,DATA_EXPIRED,DATA_EXPIRED
6a055258ce827a08b36d0aaf,6a04cdc3c66f79399c8bee79,APPROVED,Not Applicable,2026-05-14T04:40:59.708000Z,2026-05-14T04:49:35.548000Z,2026-05-28T15:46:49.031000Z,2026-05-14T04:49:35.951278Z,516.0,NOCODE,2,20,Male,White,United States,United States,United States,English,No,Full-Time
6a05526af99094fa2c44dca4,6a037f134172ace79bf31542,APPROVED,Not Applicable,2026-05-14T04:41:18.528000Z,2026-05-14T04:54:29.686000Z,2026-05-28T15:46:49.649000Z,2026-05-14T04:54:30.031055Z,792.0,NOCODE,0,20,Female,Black,United States,United States,United States,English,No,Part-Time
6a0552f11c7834eea8009065,6a037df5a8f0ff8f389216b0,APPROVED,Not Applicable,2026-05-14T04:43:35.020000Z,2026-05-14T04:58:13.343000Z,2026-05-28T15:46:50.398000Z,2026-05-14T04:58:13.679917Z,879.0,NOCODE,12,19,Female,Mixed,United States,United States,United States,English,Yes,Full-Time
6a0553b6b710480041f8a183,5dd2e29b2c5c102e6454227a,APPROVED,Not Applicable,2026-05-14T04:47:45.600000Z,2026-05-14T05:02:14.791000Z,2026-05-28T15:46:51.408000Z,2026-05-14T05:02:15.145699Z,870.0,XXXXXXX,6486,33,Female,White,United States,United States,United States,English,No,Other
6a0553cce6c487aa3314db2c,69a91fa255ab8e22605e3312,APPROVED,Not Applicable,2026-05-14T04:47:22.667000Z,2026-05-14T05:01:10.044000Z,2026-05-28T15:46:51.998000Z,2026-05-14T05:01:10.387173Z,828.0,XXXXXXX,300,25,Male,Black,South Sudan,United States,United States,English,No,Unemployed (and job seeking)
6a05543a3e5e545c21997b8c,66ad0fdfa69994bd8a10c6df,APPROVED,Not Applicable,2026-05-14T04:50:43.707000Z,2026-05-14T05:02:36.475000Z,2026-05-28T15:46:54.116000Z,2026-05-14T05:02:36.836813Z,713.0,NOCODE,82,19,Male,Black,United States,United States,United States,English,Yes,Unemployed (and job seeking)
6a05543a4ad821de75522a1c,6630507adb67ce41b671eea9,APPROVED,Not Applicable,2026-05-14T04:49:01.870000Z,2026-05-14T04:52:31.190000Z,2026-05-28T15:47:30.325000Z,2026-05-14T04:52:31.538299Z,210.0,NOCODE,1097,41,Female,White,Canada,United States,United States,English,No,Full-Time
6a05544d3296cf6dc215e0da,69e05ecc7c1f70dac92ea11c,APPROVED,Not Applicable,2026-05-14T04:49:23.088000Z,2026-05-14T04:57:26.513000Z,2026-05-28T15:46:54.854000Z,2026-05-14T04:57:26.857681Z,484.0,NOCODE,120,30,Female,White,United States,United States,United States,English,No,Unemployed (and job seeking)
6a05549769960330c86e49fb,69bbafdf6ef27684d1714381,APPROVED,Not Applicable,2026-05-14T04:50:51.047000Z,2026-05-14T05:24:57.313000Z,2026-05-28T15:46:55.717000Z,2026-05-14T05:24:57.681041Z,2047.0,VXXXXXXX,199,55,Male,Black,United States,United States,United States,English,No,Full-Time
6a0554a3cdf0c7922c739893,663ab8a4d5bff4596f9a9de7,APPROVED,Not Applicable,2026-05-14T04:50:46.819000Z,2026-05-14T05:02:07.588000Z,2026-05-28T15:46:56.458000Z,2026-05-14T05:02:07.967963Z,681.0,NOCODE,2029,22,Female,White,United States,United States,United States,English,No,Unemployed (and job seeking)
6a0554bbabc65069ee7d7d1d,675cb36b51ef22e70c4da7e2,APPROVED,Not Applicable,2026-05-14T04:51:14.233000Z,2026-05-14T05:08:50.921000Z,2026-05-28T15:46:57.371000Z,2026-05-14T05:08:51.289447Z,1057.0,NOCODE,4482,57,Female,White,United States,United States,United States,English,No,Part-Time
6a0554cd98e75cd38e43f515,69c21cbc7765ed3f3d4325b6,APPROVED,Not Applicable,2026-05-14T04:51:28.992000Z,2026-05-14T05:05:24.403000Z,2026-05-28T15:46:57.924000Z,2026-05-14T05:05:24.756523Z,836.0,NOCODE,58,23,Male,Mixed,United States,United States,United States,English,No,Full-Time
6a0554da47951668cc653cbc,65a7027c88eae2b9a68ae596,APPROVED,Not Applicable,2026-05-14T04:51:51.048000Z,2026-05-14T05:08:21.146000Z,2026-05-28T15:46:58.279000Z,2026-05-14T05:08:21.501873Z,991.0,XXXXXXX,12486,53,Female,White,United States,United States,United States,English,DATA_EXPIRED,DATA_EXPIRED
6a055515b248012ab904a5b9,65edd3b5dab4b33aaf29cbd0,APPROVED,Not Applicable,2026-05-14T05:00:10.052000Z,2026-05-14T05:17:35.957000Z,2026-05-28T15:46:58.633000Z,2026-05-14T05:17:36.325162Z,1046.0,NOCODE,7053,58,Female,White,United States,United States,United States,English,No,Full-Time
6a05552b6c017ffe64d02db4,69b44d2c2968accec2c537ef,APPROVED,Not Applicable,2026-05-14T04:53:05.887000Z,2026-05-14T05:12:31.293000Z,2026-05-28T15:46:59.031000Z,2026-05-14T05:12:31.633725Z,1166.0,69b44d2c2968accec2c537ef,524,23,Male,Black,United States,United States,United States,English,Yes,Part-Time
6a05552f156ef96474c877de,661124ea6eb49e5f25077328,APPROVED,Not Applicable,2026-05-14T04:53:11.786000Z,2026-05-14T05:12:37.454000Z,2026-05-28T15:46:59.582000Z,2026-05-14T05:12:37.834070Z,1166.0,NOCODE,4808,43,Male,White,United States,United States,United States,English,Yes,Full-Time
6a0555382a7474c208401295,69dffd8c18f1668dbb08765c,APPROVED,Not Applicable,2026-05-14T04:53:20.586000Z,2026-05-14T05:06:34.376000Z,2026-05-28T15:47:00.293000Z,2026-05-14T05:06:34.710297Z,794.0,NOCODE,38,37,Female,White,United States,United States,United States,English,No,"Not in paid work (e.g. homemaker', 'retired or disabled)"
6a05554f3e07f4d3cd097055,69c1256faa88d6296c98d745,APPROVED,Not Applicable,2026-05-14T04:53:39.346000Z,2026-05-14T05:08:05.515000Z,2026-05-28T15:47:02.662000Z,2026-05-14T05:08:05.991970Z,867.0,XXXXXXX,362,40,Female,Black,United States,United States,United States,English,No,Part-Time
6a05559b7e0475672916ab7a,69efa84191a926194883712a,APPROVED,Not Applicable,2026-05-14T04:54:55.679000Z,2026-05-14T05:12:56.749000Z,2026-05-28T15:47:03.479000Z,2026-05-14T05:12:57.100478Z,1082.0,NOCODE,379,25,Female,White,United States,United States,United States,English,No,Full-Time
6a0556a1ed69323d5d8aac6a,64d5323f567c88a7df95b47a,APPROVED,Not Applicable,2026-05-14T04:59:16.848000Z,2026-05-14T05:07:06.428000Z,2026-05-28T15:47:04.346000Z,2026-05-14T05:07:06.811264Z,470.0,NOCODE,4992,56,Male,Asian,Korea,United States,United States,English,No,Full-Time
6a0556d9235b0bb53c9b7c98,69ff6ed896a903aa1062aeb3,APPROVED,Not Applicable,2026-05-14T05:00:17.968000Z,2026-05-14T05:32:49.375000Z,2026-05-28T15:47:05.341000Z,2026-05-14T05:32:49.701969Z,1952.0,XXXXXXX,48,23,Female,Black,United States,United States,United States,English,No,Unemployed (and job seeking)
6a05570e5eb59d328c75b02a,63106ea4e8fe9c6cd32bf358,APPROVED,Not Applicable,2026-05-14T05:01:02.255000Z,2026-05-14T05:09:57.526000Z,2026-05-28T15:47:06.322000Z,2026-05-14T05:09:57.909816Z,536.0,NOCODE,5054,30,Male,Mixed,United States,United States,United States,English,DATA_EXPIRED,DATA_EXPIRED
6a055711ed69323d5d8aac70,69961b1e92ce0d6ed65b9c30,APPROVED,Not Applicable,2026-05-14T05:01:15.779000Z,2026-05-14T05:19:34.511000Z,2026-05-28T15:47:06.684000Z,2026-05-14T05:19:34.927604Z,1099.0,XXXXXXX,1216,52,Female,Black,United States,United States,United States,English,No,Unemployed (and job seeking)
6a05574f2888fea8d5978b37,698bd543f284cf07463f2eac,APPROVED,Not Applicable,2026-05-14T05:07:33.887000Z,2026-05-14T05:13:24.125000Z,2026-05-28T15:47:07.110000Z,2026-05-14T05:13:24.475959Z,351.0,NOCODE,697,19,Prefer not to say,White,United States,United States,United States,English,Yes,Unemployed (and job seeking)
6a055778003b70e7a9f8a18f,69dde55c93fa40572ad06e22,APPROVED,Not Applicable,2026-05-14T05:02:52.765000Z,2026-05-14T05:16:24.866000Z,2026-05-28T15:47:07.673000Z,2026-05-14T05:16:25.207546Z,813.0,NOCODE,459,26,Female,White,United States,United States,United States,English,Yes,Other
6a055845044ad699e0284b62,61528277afcb4906d01e0442,APPROVED,Not Applicable,2026-05-14T05:06:16.377000Z,2026-05-14T05:20:33.860000Z,2026-05-28T15:47:09.730000Z,2026-05-14T05:20:34.183755Z,858.0,XXXXXXX,2149,34,Female,White,United States,United States,United States,English,DATA_EXPIRED,DATA_EXPIRED
6a055851d34fe91fec0e034b,60fd6618f9a377f54dcdf318,APPROVED,Not Applicable,2026-05-14T05:06:35.758000Z,2026-05-14T05:18:47.639000Z,2026-05-28T15:47:10.463000Z,2026-05-14T05:18:47.993484Z,732.0,XXXXXXX,24878,40,Male,Mixed,United States,United States,United States,English,Yes,Full-Time
6a055854644114fa61fefeb9,69fe26b086a69fd620422578,APPROVED,Not Applicable,2026-05-14T05:06:34.154000Z,2026-05-14T05:20:49.124000Z,2026-05-28T15:47:11.437000Z,2026-05-14T05:20:49.474270Z,855.0,NOCODE,11,20,Male,Other,United States,United States,United States,English,Yes,Part-Time
6a05587772ac17f82f384db7,69d8eab7b04ea057a65bdb4d,APPROVED,Not Applicable,2026-05-14T05:07:17.148000Z,2026-05-14T05:13:56.596000Z,2026-05-28T15:47:12.821000Z,2026-05-14T05:13:56.947396Z,400.0,NOCODE,424,31,Male,White,United States,United States,United States,English,No,Full-Time
6a05588f241531883faa218c,6a04bec6edb6efc608be2c52,APPROVED,Not Applicable,2026-05-14T05:07:33.091000Z,2026-05-14T05:19:52.302000Z,2026-05-28T15:47:14.853000Z,2026-05-14T05:19:52.626849Z,740.0,NOCODE,9,54,Male,White,United States,United States,United States,English,No,Part-Time
6a05590253022c26f4f1ffbe,600309c2282af236dc94ee2c,APPROVED,Not Applicable,2026-05-14T05:09:42.100000Z,2026-05-14T05:23:50.866000Z,2026-05-28T15:47:15.714000Z,2026-05-14T05:23:51.210141Z,849.0,NOCODE,2209,25,Male,Asian,United States,United States,United States,English,Yes,Other
6a05597b1835a9ecef7e7294,69d5f3ac915d6f4721cb5dc3,APPROVED,Not Applicable,2026-05-14T05:11:33.339000Z,2026-05-14T05:22:33.142000Z,2026-05-28T15:47:16.242000Z,2026-05-14T05:22:33.521523Z,660.0,NOCODE,107,38,Male,Mixed,United States,United States,United States,English,No,"Not in paid work (e.g. homemaker', 'retired or disabled)"
6a055a6f9636e22e93a3b881,6a01245257b6204a9ec8f81c,APPROVED,Not Applicable,2026-05-14T05:15:31.253000Z,2026-05-14T05:24:12.489000Z,2026-05-28T15:47:17.149000Z,2026-05-14T05:24:12.837039Z,522.0,NOCODE,8,20,Female,Asian,United States,United States,United States,English,Yes,Due to start a new job within the next month
6a055aa33285be9f1bc0e9d6,67ea5c777a99aaa8d8aadc59,APPROVED,Not Applicable,2026-05-14T05:16:35.744000Z,2026-05-14T05:31:19.472000Z,2026-05-28T15:47:17.466000Z,2026-05-14T05:31:19.841689Z,884.0,XXXXXXX,1500,61,Male,Black,United States,United States,United States,English,No,Full-Time
6a055b694c0cea3b57f8a17b,6983a78799c06204fba33b90,APPROVED,Not Applicable,2026-05-14T05:19:40.127000Z,2026-05-14T05:33:40.310000Z,2026-05-28T15:47:17.962000Z,2026-05-14T05:33:41.180837Z,841.0,NOCODE,246,21,Male,Asian,United States,United States,United States,English,No,Part-Time
6a064def1204bf8026b223bc,69e4289039d1622d8510d291,APPROVED,Not Applicable,2026-05-14T22:34:27.749000Z,2026-05-14T22:56:34.440000Z,2026-05-28T15:47:18.613000Z,2026-05-14T22:56:34.805400Z,1327.0,NOCODE,357,60,Male,White,United States,United States,United States,English,No,Part-Time
6a064df2821542952336b26e,69e4f6a925fb3fcc0f622996,APPROVED,Not Applicable,2026-05-14T22:34:30.714000Z,2026-05-14T23:00:32.859000Z,2026-05-28T15:47:19.080000Z,2026-05-14T23:00:33.224022Z,1563.0,NOCODE,614,32,Female,White,United States,United States,United States,English,No,Due to start a new job within the next month
6a064dfaec2e172fa9677f77,69ee7fcbc2188c5c2203fd8c,APPROVED,Not Applicable,2026-05-14T22:34:55.772000Z,2026-05-14T22:51:49.409000Z,2026-05-28T15:47:19.445000Z,2026-05-14T22:51:49.756760Z,1014.0,NOCODE,197,39,Female,White,United States,United States,United States,English,No,Full-Time
6a064e05a3445a09400c31da,5adf874e066c510001d454f5,APPROVED,Not Applicable,2026-05-14T22:34:51.693000Z,2026-05-14T22:44:21.801000Z,2026-05-28T15:47:19.802000Z,2026-05-14T22:44:22.154678Z,571.0,NOCODE,3187,46,Female,White,United States,United States,United States,English,DATA_EXPIRED,Full-Time
6a064e060e776c65b14100e7,69fe7b7b6d1faa54f2e4b3fe,APPROVED,Not Applicable,2026-05-14T22:34:53.198000Z,2026-05-14T22:46:05.991000Z,2026-05-28T15:47:20.470000Z,2026-05-14T22:46:06.330104Z,673.0,NOCODE,70,38,Male,White,United States,United States,United States,English,No,"Not in paid work (e.g. homemaker', 'retired or disabled)"
6a064e06f0578dc3f3ff3e0f,5dd2f94a238a913096c52317,APPROVED,Not Applicable,2026-05-14T22:34:57.277000Z,2026-05-14T22:51:00.968000Z,2026-05-28T15:47:21.056000Z,2026-05-14T22:51:01.307662Z,964.0,5dd2f94a238a913096c52317,14859,44,Female,White,United States,United States,United States,English,No,Full-Time
6a064e2cfb20e816e2545866,6966aef7933ed17148cf77d0,APPROVED,Not Applicable,2026-05-14T22:35:28.988000Z,2026-05-14T22:44:53.920000Z,2026-05-28T15:47:21.726000Z,2026-05-14T22:44:54.291023Z,565.0,https://oliverlee000.github.io/ling245b-final-project/experiment/reading_task.html?PROLIFIC_PID=6966aef7933ed17148cf77d0&amp;STUDY_ID=6a04f72bb0f4a868caeeb473&amp;SESSION_ID=6a064e2cfb20e816e2545866,966,30,Male,Asian,United States,United States,United States,English,Yes,Full-Time
6a064e78f81b510422c5b609,69d59bb26cbbb9ca14a5eb04,APPROVED,Not Applicable,2026-05-14T22:37:05.941000Z,2026-05-14T22:53:16.739000Z,2026-05-28T15:47:23.878000Z,2026-05-14T22:53:17.241484Z,971.0,NOCODE,1011,32,Female,White,United States,United States,United States,English,No,Other
6a064ef29f50d39a9faa0886,6a035da79733fbc8b952b809,APPROVED,Not Applicable,2026-05-14T22:38:46.951000Z,2026-05-14T22:52:57.201000Z,2026-05-28T15:47:24.781000Z,2026-05-14T22:52:57.541602Z,851.0,NOCODE,50,34,Female,White,United States,United States,United States,English,No,"Not in paid work (e.g. homemaker', 'retired or disabled)"
6a064f5df885600efc98f29e,5ec0ba1bfa01894cceaa1b8e,APPROVED,Not Applicable,2026-05-14T22:40:36.622000Z,2026-05-14T22:58:37.821000Z,2026-05-28T15:47:25.569000Z,2026-05-14T22:58:38.172223Z,1082.0,XXXXXXX,8350,36,Female,White,United States,United States,United States,English,No,Full-Time
6a064f60e6d912e74e637bb0,62d6e24cf74647ef51a16300,APPROVED,Not Applicable,2026-05-14T22:40:36.072000Z,2026-05-14T22:53:59.307000Z,2026-05-28T15:47:26.463000Z,2026-05-14T22:53:59.674310Z,804.0,NOCODE,3607,35,Male,White,United States,United States,United States,English,DATA_EXPIRED,DATA_EXPIRED
6a064f638fdb30f414085f29,69e02738033dffda2b0a52cd,APPROVED,Not Applicable,2026-05-14T22:40:39.565000Z,2026-05-14T22:51:40.240000Z,2026-05-28T15:47:27.399000Z,2026-05-14T22:51:40.600215Z,661.0,NOCODE,27,19,Male,Asian,United States,United States,United States,English,Yes,Part-Time
6a064fdd9fd347dc90585446,6965607e750428c9c80c803a,APPROVED,Not Applicable,2026-05-14T22:42:41.753000Z,2026-05-14T22:56:20.400000Z,2026-05-28T15:47:28.058000Z,2026-05-14T22:56:20.805107Z,819.0,NOCODE,859,38,Male,White,United States,United States,United States,English,No,Other
6a064feeb114461cf267f91d,622f7f35376a1f92763ddbe2,APPROVED,Not Applicable,2026-05-14T22:47:06.092000Z,2026-05-14T23:11:23.506000Z,2026-05-28T15:47:28.385000Z,2026-05-14T23:11:23.850069Z,1458.0,NOCODE,9126,72,Female,White,United States,United States,United States,English,No,"Not in paid work (e.g. homemaker', 'retired or disabled)"
6a05506cb46007c7484630c1,5dd3bfcd8b8df139ce007928,RETURNED,Not Applicable,2026-05-14T04:35:50.610000Z,,,,,,11176,CONSENT_REVOKED,CONSENT_REVOKED,CONSENT_REVOKED,CONSENT_REVOKED,CONSENT_REVOKED,CONSENT_REVOKED,CONSENT_REVOKED,CONSENT_REVOKED,CONSENT_REVOKED
6a0550720fc9c44a03638421,663aa6420a964c2a7740b9d7,RETURNED,Not Applicable,2026-05-14T04:33:01.581000Z,,,,,,11268,CONSENT_REVOKED,CONSENT_REVOKED,CONSENT_REVOKED,CONSENT_REVOKED,CONSENT_REVOKED,CONSENT_REVOKED,CONSENT_REVOKED,CONSENT_REVOKED,CONSENT_REVOKED
6a055076e9b7dbfca2505c5d,673dda5287206444a26549cb,RETURNED,Not Applicable,2026-05-14T04:33:00.752000Z,,,,,,2156,CONSENT_REVOKED,CONSENT_REVOKED,CONSENT_REVOKED,CONSENT_REVOKED,CONSENT_REVOKED,CONSENT_REVOKED,CONSENT_REVOKED,CONSENT_REVOKED,CONSENT_REVOKED
6a05507a74791f651f6e4a28,559002fefdf99b3f7aada38f,RETURNED,Not Applicable,2026-05-14T04:33:06.348000Z,,,,,,4223,CONSENT_REVOKED,CONSENT_REVOKED,CONSENT_REVOKED,CONSENT_REVOKED,CONSENT_REVOKED,CONSENT_REVOKED,CONSENT_REVOKED,CONSENT_REVOKED,CONSENT_REVOKED
6a0550dedf3aaf42cb21e076,69e14dcb8731e5cddff8fe63,RETURNED,Not Applicable,2026-05-14T04:34:44.110000Z,,,,,,884,CONSENT_REVOKED,CONSENT_REVOKED,CONSENT_REVOKED,CONSENT_REVOKED,CONSENT_REVOKED,CONSENT_REVOKED,CONSENT_REVOKED,CONSENT_REVOKED,CONSENT_REVOKED
6a0550e1afb20a73e2b71bda,6942e57738f4e53ee0c5442b,RETURNED,Not Applicable,2026-05-14T04:34:44.355000Z,,,,,,1085,CONSENT_REVOKED,CONSENT_REVOKED,CONSENT_REVOKED,CONSENT_REVOKED,CONSENT_REVOKED,CONSENT_REVOKED,CONSENT_REVOKED,CONSENT_REVOKED,CONSENT_REVOKED
6a0550e455479d952d6e4a00,5c309bb410677f0001dda0ed,RETURNED,Not Applicable,2026-05-14T04:37:36.077000Z,,,,,,9532,CONSENT_REVOKED,CONSENT_REVOKED,CONSENT_REVOKED,CONSENT_REVOKED,CONSENT_REVOKED,CONSENT_REVOKED,CONSENT_REVOKED,CONSENT_REVOKED,CONSENT_REVOKED
6a0550e4bd8e9eea83b8e327,5c57c06ed05b82000139682e,RETURNED,Not Applicable,2026-05-14T04:44:14.535000Z,,,,,,7598,CONSENT_REVOKED,CONSENT_REVOKED,CONSENT_REVOKED,CONSENT_REVOKED,CONSENT_REVOKED,CONSENT_REVOKED,CONSENT_REVOKED,CONSENT_REVOKED,CONSENT_REVOKED
6a0550ebd72621d2c20f0f3d,698120fd891303e48d46daaf,RETURNED,Not Applicable,2026-05-14T04:35:20.570000Z,,,,,,1493,CONSENT_REVOKED,CONSENT_REVOKED,CONSENT_REVOKED,CONSENT_REVOKED,CONSENT_REVOKED,CONSENT_REVOKED,CONSENT_REVOKED,CONSENT_REVOKED,CONSENT_REVOKED
6a0550f3bc44d2f5bd6c8129,69c2b77db2ac0175e25c6c2f,RETURNED,Not Applicable,2026-05-14T04:35:05.568000Z,,,,,,201,CONSENT_REVOKED,CONSENT_REVOKED,CONSENT_REVOKED,CONSENT_REVOKED,CONSENT_REVOKED,CONSENT_REVOKED,CONSENT_REVOKED,CONSENT_REVOKED,CONSENT_REVOKED
6a05513c9731666e73021db0,69e00656324754e2872144cb,RETURNED,Not Applicable,2026-05-14T04:38:51.729000Z,,,,,,1379,CONSENT_REVOKED,CONSENT_REVOKED,CONSENT_REVOKED,CONSENT_REVOKED,CONSENT_REVOKED,CONSENT_REVOKED,CONSENT_REVOKED,CONSENT_REVOKED,CONSENT_REVOKED
6a055144ddf89353814c7396,69e6bcce50033175c355aec2,RETURNED,Not Applicable,2026-05-14T04:36:24.627000Z,,,,,,144,CONSENT_REVOKED,CONSENT_REVOKED,CONSENT_REVOKED,CONSENT_REVOKED,CONSENT_REVOKED,CONSENT_REVOKED,CONSENT_REVOKED,CONSENT_REVOKED,CONSENT_REVOKED
6a05514ff765acd129b28498,616c056b42e788ef31efc4b0,RETURNED,Not Applicable,2026-05-14T04:36:34.505000Z,,,,,,10965,CONSENT_REVOKED,CONSENT_REVOKED,CONSENT_REVOKED,CONSENT_REVOKED,CONSENT_REVOKED,CONSENT_REVOKED,CONSENT_REVOKED,CONSENT_REVOKED,CONSENT_REVOKED
6a05515ccc5a6eb33ad896bf,66ec53e096df305784c5aa6f,RETURNED,Not Applicable,2026-05-14T04:36:51.120000Z,,,,,,6420,CONSENT_REVOKED,CONSENT_REVOKED,CONSENT_REVOKED,CONSENT_REVOKED,CONSENT_REVOKED,CONSENT_REVOKED,CONSENT_REVOKED,CONSENT_REVOKED,CONSENT_REVOKED
6a05515f01561873401695f5,69ec8c0f83414539ee5e37e1,RETURNED,Not Applicable,2026-05-14T04:39:22.148000Z,2026-05-14T05:04:21.866000Z,,2026-05-14T05:04:22.200000Z,,NOCODE,815,CONSENT_REVOKED,CONSENT_REVOKED,CONSENT_REVOKED,CONSENT_REVOKED,CONSENT_REVOKED,CONSENT_REVOKED,CONSENT_REVOKED,CONSENT_REVOKED,CONSENT_REVOKED
6a055162991a2b1552025aa0,67dbbdb452081ea930c8ab17,RETURNED,Not Applicable,2026-05-14T04:37:14.335000Z,,,,,,5331,CONSENT_REVOKED,CONSENT_REVOKED,CONSENT_REVOKED,CONSENT_REVOKED,CONSENT_REVOKED,CONSENT_REVOKED,CONSENT_REVOKED,CONSENT_REVOKED,CONSENT_REVOKED
6a055165d018cb043a3a05ac,69d5088a3e2327ed5aaeec5d,RETURNED,Not Applicable,2026-05-14T04:37:01.018000Z,,,,,,321,CONSENT_REVOKED,CONSENT_REVOKED,CONSENT_REVOKED,CONSENT_REVOKED,CONSENT_REVOKED,CONSENT_REVOKED,CONSENT_REVOKED,CONSENT_REVOKED,CONSENT_REVOKED
6a055167befa6ab78e75b015,5b53e95f4bbe600001465c18,RETURNED,Not Applicable,2026-05-14T04:38:43.549000Z,,,,,,4607,CONSENT_REVOKED,CONSENT_REVOKED,CONSENT_REVOKED,CONSENT_REVOKED,CONSENT_REVOKED,CONSENT_REVOKED,CONSENT_REVOKED,CONSENT_REVOKED,CONSENT_REVOKED
6a055168a4f283b0fc034c1b,69f2c7c1f25ea6aa1b794dc9,RETURNED,Not Applicable,2026-05-14T04:37:02.624000Z,,,,,,284,CONSENT_REVOKED,CONSENT_REVOKED,CONSENT_REVOKED,CONSENT_REVOKED,CONSENT_REVOKED,CONSENT_REVOKED,CONSENT_REVOKED,CONSENT_REVOKED,CONSENT_REVOKED
6a05516c09e475c2162c9007,69fd73f42f28824bb1d8ac19,RETURNED,Not Applicable,2026-05-14T04:37:04.757000Z,,,,,,85,CONSENT_REVOKED,CONSENT_REVOKED,CONSENT_REVOKED,CONSENT_REVOKED,CONSENT_REVOKED,CONSENT_REVOKED,CONSENT_REVOKED,CONSENT_REVOKED,CONSENT_REVOKED
6a055171eb730c625b3e93d1,69f18ce48029b8e95cdc5c37,RETURNED,Not Applicable,2026-05-14T04:37:12.259000Z,,,,,,301,CONSENT_REVOKED,CONSENT_REVOKED,CONSENT_REVOKED,CONSENT_REVOKED,CONSENT_REVOKED,CONSENT_REVOKED,CONSENT_REVOKED,CONSENT_REVOKED,CONSENT_REVOKED
6a055179731dfc132d653cbc,6a02be9fe54556bdb6a62e85,RETURNED,Not Applicable,2026-05-14T04:37:20.592000Z,,,,,,84,CONSENT_REVOKED,CONSENT_REVOKED,CONSENT_REVOKED,CONSENT_REVOKED,CONSENT_REVOKED,CONSENT_REVOKED,CONSENT_REVOKED,CONSENT_REVOKED,CONSENT_REVOKED
6a05517bcdf0c7922c739869,6734ab83047e85e2f8795acb,RETURNED,Not Applicable,2026-05-14T04:37:21.069000Z,,,,,,5995,CONSENT_REVOKED,CONSENT_REVOKED,CONSENT_REVOKED,CONSENT_REVOKED,CONSENT_REVOKED,CONSENT_REVOKED,CONSENT_REVOKED,CONSENT_REVOKED,CONSENT_REVOKED
6a05517db3471e4eb749a2da,5be08e69610cba000151f1f7,RETURNED,Not Applicable,2026-05-14T04:37:50.817000Z,,,,,,7320,CONSENT_REVOKED,CONSENT_REVOKED,CONSENT_REVOKED,CONSENT_REVOKED,CONSENT_REVOKED,CONSENT_REVOKED,CONSENT_REVOKED,CONSENT_REVOKED,CONSENT_REVOKED
6a0551ae56439a12f0c88c32,6943920d0a98b248804ec6fc,RETURNED,Not Applicable,2026-05-14T04:38:16.638000Z,,,,,,271,CONSENT_REVOKED,CONSENT_REVOKED,CONSENT_REVOKED,CONSENT_REVOKED,CONSENT_REVOKED,CONSENT_REVOKED,CONSENT_REVOKED,CONSENT_REVOKED,CONSENT_REVOKED
6a0551c5ac1331ad84e859d6,69f0438cc141b27ed949788e,RETURNED,Not Applicable,2026-05-14T04:38:39.008000Z,,,,,,330,CONSENT_REVOKED,CONSENT_REVOKED,CONSENT_REVOKED,CONSENT_REVOKED,CONSENT_REVOKED,CONSENT_REVOKED,CONSENT_REVOKED,CONSENT_REVOKED,CONSENT_REVOKED
6a0551d375d388e1730fdf40,698ea1be50ea8dbf93448cff,RETURNED,Not Applicable,2026-05-14T04:38:47.829000Z,,,,,,986,CONSENT_REVOKED,CONSENT_REVOKED,CONSENT_REVOKED,CONSENT_REVOKED,CONSENT_REVOKED,CONSENT_REVOKED,CONSENT_REVOKED,CONSENT_REVOKED,CONSENT_REVOKED
6a0551dcd80ed1366376b411,6a02113cdcfd6937542db3fe,RETURNED,Not Applicable,2026-05-14T04:38:55.703000Z,,,,,,101,CONSENT_REVOKED,CONSENT_REVOKED,CONSENT_REVOKED,CONSENT_REVOKED,CONSENT_REVOKED,CONSENT_REVOKED,CONSENT_REVOKED,CONSENT_REVOKED,CONSENT_REVOKED
6a0551ed7e698368351a4bca,69ee34f0f6ce074a822eea3d,RETURNED,Not Applicable,2026-05-14T04:39:19.262000Z,,,,,,183,CONSENT_REVOKED,CONSENT_REVOKED,CONSENT_REVOKED,CONSENT_REVOKED,CONSENT_REVOKED,CONSENT_REVOKED,CONSENT_REVOKED,CONSENT_REVOKED,CONSENT_REVOKED
6a0551f173d3128a4f0aab55,69837c75817c25ff775c70c5,RETURNED,Not Applicable,2026-05-14T04:39:20.752000Z,,,,,,937,CONSENT_REVOKED,CONSENT_REVOKED,CONSENT_REVOKED,CONSENT_REVOKED,CONSENT_REVOKED,CONSENT_REVOKED,CONSENT_REVOKED,CONSENT_REVOKED,CONSENT_REVOKED
6a05522f73f29eda20f68f61,66463ba8fac8591a6734db5b,RETURNED,Not Applicable,2026-05-14T04:40:53.182000Z,,,,,,2251,CONSENT_REVOKED,CONSENT_REVOKED,CONSENT_REVOKED,CONSENT_REVOKED,CONSENT_REVOKED,CONSENT_REVOKED,CONSENT_REVOKED,CONSENT_REVOKED,CONSENT_REVOKED
6a05525e00bd217b1105ddcc,6a00c716309f89c3bd73cef4,RETURNED,Not Applicable,2026-05-14T04:41:06.861000Z,,,,,,325,CONSENT_REVOKED,CONSENT_REVOKED,CONSENT_REVOKED,CONSENT_REVOKED,CONSENT_REVOKED,CONSENT_REVOKED,CONSENT_REVOKED,CONSENT_REVOKED,CONSENT_REVOKED
6a055261208d96719b667824,612fa6644526903f736cf925,RETURNED,Not Applicable,2026-05-14T04:41:10.458000Z,,,,,,14900,CONSENT_REVOKED,CONSENT_REVOKED,CONSENT_REVOKED,CONSENT_REVOKED,CONSENT_REVOKED,CONSENT_REVOKED,CONSENT_REVOKED,CONSENT_REVOKED,CONSENT_REVOKED
6a05526634fbb9d50ec646a9,5d537c0cecc84200153075e9,RETURNED,Not Applicable,2026-05-14T04:41:13.355000Z,,,,,,16923,CONSENT_REVOKED,CONSENT_REVOKED,CONSENT_REVOKED,CONSENT_REVOKED,CONSENT_REVOKED,CONSENT_REVOKED,CONSENT_REVOKED,CONSENT_REVOKED,CONSENT_REVOKED
6a05526a81ff14cddfebe74e,697aabcbdeac385ca47d256f,RETURNED,Not Applicable,2026-05-14T04:41:22.481000Z,,,,,,629,CONSENT_REVOKED,CONSENT_REVOKED,CONSENT_REVOKED,CONSENT_REVOKED,CONSENT_REVOKED,CONSENT_REVOKED,CONSENT_REVOKED,CONSENT_REVOKED,CONSENT_REVOKED
6a05526bfbf50a3ca93a3842,5fb5611ae70d1603f68b026a,RETURNED,Not Applicable,2026-05-14T04:41:20.298000Z,,,,,,2257,CONSENT_REVOKED,CONSENT_REVOKED,CONSENT_REVOKED,CONSENT_REVOKED,CONSENT_REVOKED,CONSENT_REVOKED,CONSENT_REVOKED,CONSENT_REVOKED,CONSENT_REVOKED
6a05526db36f9431e376131b,66d36598db306c67c37bde18,RETURNED,Not Applicable,2026-05-14T04:41:21.517000Z,,,,,,3996,CONSENT_REVOKED,CONSENT_REVOKED,CONSENT_REVOKED,CONSENT_REVOKED,CONSENT_REVOKED,CONSENT_REVOKED,CONSENT_REVOKED,CONSENT_REVOKED,CONSENT_REVOKED
6a05526e00e88dc8f7c751a0,60318abd5f6c24103dd02a1f,RETURNED,Not Applicable,2026-05-14T04:41:20.648000Z,,,,,,9255,CONSENT_REVOKED,CONSENT_REVOKED,CONSENT_REVOKED,CONSENT_REVOKED,CONSENT_REVOKED,CONSENT_REVOKED,CONSENT_REVOKED,CONSENT_REVOKED,CONSENT_REVOKED
6a055284e408405503739887,5c024be169406e00014e0b8e,RETURNED,Not Applicable,2026-05-14T04:41:50.769000Z,,,,,,10015,CONSENT_REVOKED,CONSENT_REVOKED,CONSENT_REVOKED,CONSENT_REVOKED,CONSENT_REVOKED,CONSENT_REVOKED,CONSENT_REVOKED,CONSENT_REVOKED,CONSENT_REVOKED
6a0552d17d6f8bf7ec8b5665,69ce7d2297b4750b47987000,RETURNED,Not Applicable,2026-05-14T04:43:00.591000Z,,,,,,2067,CONSENT_REVOKED,CONSENT_REVOKED,CONSENT_REVOKED,CONSENT_REVOKED,CONSENT_REVOKED,CONSENT_REVOKED,CONSENT_REVOKED,CONSENT_REVOKED,CONSENT_REVOKED
6a0552debd8e9eea83b8e339,6743f65e1f01ee21e8143b3c,RETURNED,Not Applicable,2026-05-14T04:49:45.481000Z,,,,,,1510,CONSENT_REVOKED,CONSENT_REVOKED,CONSENT_REVOKED,CONSENT_REVOKED,CONSENT_REVOKED,CONSENT_REVOKED,CONSENT_REVOKED,CONSENT_REVOKED,CONSENT_REVOKED
6a0552e3ddf89353814c73ab,69fdd4a212285ab8c5aa0654,TIMED-OUT,Not Applicable,2026-05-14T04:43:21.364000Z,,,,1281723.0,,6,44,Male,White,United States,United States,United States,English,No,Full-Time
6a0552f89f8076b421a5c502,615dfbb483f8480303655714,RETURNED,Not Applicable,2026-05-14T04:43:41.505000Z,,,,,,3509,CONSENT_REVOKED,CONSENT_REVOKED,CONSENT_REVOKED,CONSENT_REVOKED,CONSENT_REVOKED,CONSENT_REVOKED,CONSENT_REVOKED,CONSENT_REVOKED,CONSENT_REVOKED
6a0552fa33ed18b0a168241a,69d57dbdf8e39f7fbe8c8d46,RETURNED,Not Applicable,2026-05-14T04:43:42.779000Z,2026-05-14T04:56:41.098000Z,,2026-05-14T04:56:41.444000Z,,NOCODE,424,CONSENT_REVOKED,CONSENT_REVOKED,CONSENT_REVOKED,CONSENT_REVOKED,CONSENT_REVOKED,CONSENT_REVOKED,CONSENT_REVOKED,CONSENT_REVOKED,CONSENT_REVOKED
6a055310a7ce2073c30255cb,69ca42f47ec1021e94fd1f3b,RETURNED,Not Applicable,2026-05-14T04:45:37.153000Z,,,,,,294,CONSENT_REVOKED,CONSENT_REVOKED,CONSENT_REVOKED,CONSENT_REVOKED,CONSENT_REVOKED,CONSENT_REVOKED,CONSENT_REVOKED,CONSENT_REVOKED,CONSENT_REVOKED
6a05531643d581390a20c134,679097440999b394cd1d2bcc,RETURNED,Not Applicable,2026-05-14T04:44:13.976000Z,,,,,,2883,CONSENT_REVOKED,CONSENT_REVOKED,CONSENT_REVOKED,CONSENT_REVOKED,CONSENT_REVOKED,CONSENT_REVOKED,CONSENT_REVOKED,CONSENT_REVOKED,CONSENT_REVOKED
6a055342da34c7acada83d2c,6a04c01c963d770b4182218f,RETURNED,Not Applicable,2026-05-14T04:44:52.696000Z,,,,,,133,CONSENT_REVOKED,CONSENT_REVOKED,CONSENT_REVOKED,CONSENT_REVOKED,CONSENT_REVOKED,CONSENT_REVOKED,CONSENT_REVOKED,CONSENT_REVOKED,CONSENT_REVOKED
6a05534dfd8d47d7ec6030c5,69e1d1f5e5ca332c38d732bc,RETURNED,Not Applicable,2026-05-14T04:45:01.499000Z,2026-05-14T05:15:07.482000Z,,2026-05-14T05:15:07.835000Z,,NOCODE,225,CONSENT_REVOKED,CONSENT_REVOKED,CONSENT_REVOKED,CONSENT_REVOKED,CONSENT_REVOKED,CONSENT_REVOKED,CONSENT_REVOKED,CONSENT_REVOKED,CONSENT_REVOKED
6a0553558fd014dabf6bf805,61022d2f69d5127750d09f40,RETURNED,Not Applicable,2026-05-14T04:45:15.598000Z,,,,,,1250,CONSENT_REVOKED,CONSENT_REVOKED,CONSENT_REVOKED,CONSENT_REVOKED,CONSENT_REVOKED,CONSENT_REVOKED,CONSENT_REVOKED,CONSENT_REVOKED,CONSENT_REVOKED
6a0553728ae788baf9a5c4d7,69e6cb5ab106b09f80defc2d,RETURNED,Not Applicable,2026-05-14T04:45:47.536000Z,,,,,,452,CONSENT_REVOKED,CONSENT_REVOKED,CONSENT_REVOKED,CONSENT_REVOKED,CONSENT_REVOKED,CONSENT_REVOKED,CONSENT_REVOKED,CONSENT_REVOKED,CONSENT_REVOKED
6a0553cef69dd7106ba0d6a0,650764c3a197814ab15f8237,RETURNED,Not Applicable,2026-05-14T04:47:12.645000Z,,,,,,4267,CONSENT_REVOKED,CONSENT_REVOKED,CONSENT_REVOKED,CONSENT_REVOKED,CONSENT_REVOKED,CONSENT_REVOKED,CONSENT_REVOKED,CONSENT_REVOKED,CONSENT_REVOKED
6a0553d093476b843f32429f,69fed5e3b5d7fb4bf03a35cc,RETURNED,Not Applicable,2026-05-14T04:47:15.574000Z,,,,,,560,CONSENT_REVOKED,CONSENT_REVOKED,CONSENT_REVOKED,CONSENT_REVOKED,CONSENT_REVOKED,CONSENT_REVOKED,CONSENT_REVOKED,CONSENT_REVOKED,CONSENT_REVOKED
6a0553d3dcd42fb91f774283,642e10f11d857b6e6bf20522,RETURNED,Not Applicable,2026-05-14T04:47:41.969000Z,,,,,,2502,CONSENT_REVOKED,CONSENT_REVOKED,CONSENT_REVOKED,CONSENT_REVOKED,CONSENT_REVOKED,CONSENT_REVOKED,CONSENT_REVOKED,CONSENT_REVOKED,CONSENT_REVOKED
6a0553f361da9064dffefebf,5a98b9554eecca0001dd722f,RETURNED,Not Applicable,2026-05-14T04:47:54.043000Z,,,,,,2560,CONSENT_REVOKED,CONSENT_REVOKED,CONSENT_REVOKED,CONSENT_REVOKED,CONSENT_REVOKED,CONSENT_REVOKED,CONSENT_REVOKED,CONSENT_REVOKED,CONSENT_REVOKED
6a0553fbbb60778d412a5527,62ed458d61ebd1930833e95a,RETURNED,Not Applicable,2026-05-14T04:48:08.877000Z,,,,,,10670,CONSENT_REVOKED,CONSENT_REVOKED,CONSENT_REVOKED,CONSENT_REVOKED,CONSENT_REVOKED,CONSENT_REVOKED,CONSENT_REVOKED,CONSENT_REVOKED,CONSENT_REVOKED
6a0553fec0a57d7f77b2847b,6a041a509daa83420768e8d7,RETURNED,Not Applicable,2026-05-14T04:48:14.709000Z,,,,,,36,CONSENT_REVOKED,CONSENT_REVOKED,CONSENT_REVOKED,CONSENT_REVOKED,CONSENT_REVOKED,CONSENT_REVOKED,CONSENT_REVOKED,CONSENT_REVOKED,CONSENT_REVOKED
6a05543bc12ba64a0819ca4f,698600befd4552759541c5b1,RETURNED,Not Applicable,2026-05-14T04:49:02.414000Z,,,,,,1202,CONSENT_REVOKED,CONSENT_REVOKED,CONSENT_REVOKED,CONSENT_REVOKED,CONSENT_REVOKED,CONSENT_REVOKED,CONSENT_REVOKED,CONSENT_REVOKED,CONSENT_REVOKED
6a05543d9b621238043f9b54,5d845d15fbc5970001e821e0,RETURNED,Not Applicable,2026-05-14T04:49:04.530000Z,2026-05-14T05:04:06.725000Z,,2026-05-14T05:04:07.079000Z,,XXXXXXX,4735,CONSENT_REVOKED,CONSENT_REVOKED,CONSENT_REVOKED,CONSENT_REVOKED,CONSENT_REVOKED,CONSENT_REVOKED,CONSENT_REVOKED,CONSENT_REVOKED,CONSENT_REVOKED
6a05544825b0fc9f33dbdcb6,69d9ce3f9fcd58daf1aff45a,RETURNED,Not Applicable,2026-05-14T04:49:21.783000Z,,,,,,662,CONSENT_REVOKED,CONSENT_REVOKED,CONSENT_REVOKED,CONSENT_REVOKED,CONSENT_REVOKED,CONSENT_REVOKED,CONSENT_REVOKED,CONSENT_REVOKED,CONSENT_REVOKED
6a05544b6a6f0b9b6f039480,5d4cdd05421a460018d005e0,RETURNED,Not Applicable,2026-05-14T04:49:18.432000Z,,,,,,4598,CONSENT_REVOKED,CONSENT_REVOKED,CONSENT_REVOKED,CONSENT_REVOKED,CONSENT_REVOKED,CONSENT_REVOKED,CONSENT_REVOKED,CONSENT_REVOKED,CONSENT_REVOKED
6a05545f25ed8deb3fc9fb81,5b012b19293d310001023590,RETURNED,Not Applicable,2026-05-14T04:50:12.928000Z,,,,,,5566,CONSENT_REVOKED,CONSENT_REVOKED,CONSENT_REVOKED,CONSENT_REVOKED,CONSENT_REVOKED,CONSENT_REVOKED,CONSENT_REVOKED,CONSENT_REVOKED,CONSENT_REVOKED
6a05545ffcabac8329169631,6942d10dd2ee7f3b66aed2f4,RETURNED,Not Applicable,2026-05-14T04:49:42.394000Z,,,,,,55,CONSENT_REVOKED,CONSENT_REVOKED,CONSENT_REVOKED,CONSENT_REVOKED,CONSENT_REVOKED,CONSENT_REVOKED,CONSENT_REVOKED,CONSENT_REVOKED,CONSENT_REVOKED
6a05547bf69dd7106ba0d6a7,65612a45629022b7c905ef6c,TIMED-OUT,Not Applicable,2026-05-14T04:50:14.827000Z,,,,1281310.0,,3737,50,Female,Black,United States,United States,United States,English,No,DATA_EXPIRED
6a05548ba5bbb014c2169afe,5c90572e1bc01a0016149f0c,RETURNED,Not Applicable,2026-05-14T04:50:22.764000Z,,,,,,5437,CONSENT_REVOKED,CONSENT_REVOKED,CONSENT_REVOKED,CONSENT_REVOKED,CONSENT_REVOKED,CONSENT_REVOKED,CONSENT_REVOKED,CONSENT_REVOKED,CONSENT_REVOKED
6a0554c0c522e9154c1d5499,69b9e5ea3125135088af893c,RETURNED,Not Applicable,2026-05-14T04:51:18.760000Z,,,,,,1013,CONSENT_REVOKED,CONSENT_REVOKED,CONSENT_REVOKED,CONSENT_REVOKED,CONSENT_REVOKED,CONSENT_REVOKED,CONSENT_REVOKED,CONSENT_REVOKED,CONSENT_REVOKED
6a0554c6a459062868414e3d,677e687b4fe041287b17a704,RETURNED,Not Applicable,2026-05-14T04:51:23.573000Z,,,,,,2043,CONSENT_REVOKED,CONSENT_REVOKED,CONSENT_REVOKED,CONSENT_REVOKED,CONSENT_REVOKED,CONSENT_REVOKED,CONSENT_REVOKED,CONSENT_REVOKED,CONSENT_REVOKED
6a0554e5c19412adafc6469a,6627022aef53030b919b43c2,RETURNED,Not Applicable,2026-05-14T04:51:55.053000Z,,,,,,1890,CONSENT_REVOKED,CONSENT_REVOKED,CONSENT_REVOKED,CONSENT_REVOKED,CONSENT_REVOKED,CONSENT_REVOKED,CONSENT_REVOKED,CONSENT_REVOKED,CONSENT_REVOKED
6a0555038a30e153d8a15600,69978dfe1291528807666277,RETURNED,Not Applicable,2026-05-14T04:52:23.144000Z,,,,,,172,CONSENT_REVOKED,CONSENT_REVOKED,CONSENT_REVOKED,CONSENT_REVOKED,CONSENT_REVOKED,CONSENT_REVOKED,CONSENT_REVOKED,CONSENT_REVOKED,CONSENT_REVOKED
6a05552d67237f731b2c7434,69df46d26501a148f0c08b93,RETURNED,Not Applicable,2026-05-14T04:53:08.824000Z,,,,,,212,CONSENT_REVOKED,CONSENT_REVOKED,CONSENT_REVOKED,CONSENT_REVOKED,CONSENT_REVOKED,CONSENT_REVOKED,CONSENT_REVOKED,CONSENT_REVOKED,CONSENT_REVOKED
6a05553693761594e42edfd5,69e0064bf31fa2eb5621347e,RETURNED,Not Applicable,2026-05-14T04:53:13.753000Z,,,,,,452,CONSENT_REVOKED,CONSENT_REVOKED,CONSENT_REVOKED,CONSENT_REVOKED,CONSENT_REVOKED,CONSENT_REVOKED,CONSENT_REVOKED,CONSENT_REVOKED,CONSENT_REVOKED
6a0555372e8dd31d682bce2e,69e3341d4440041278baa091,RETURNED,Not Applicable,2026-05-14T04:56:46.188000Z,,,,,,540,CONSENT_REVOKED,CONSENT_REVOKED,CONSENT_REVOKED,CONSENT_REVOKED,CONSENT_REVOKED,CONSENT_REVOKED,CONSENT_REVOKED,CONSENT_REVOKED,CONSENT_REVOKED
6a0555a0c522e9154c1d54a4,6960083599d614eab161343a,RETURNED,Not Applicable,2026-05-14T04:54:59.452000Z,,,,,,532,CONSENT_REVOKED,CONSENT_REVOKED,CONSENT_REVOKED,CONSENT_REVOKED,CONSENT_REVOKED,CONSENT_REVOKED,CONSENT_REVOKED,CONSENT_REVOKED,CONSENT_REVOKED
6a0555a2b42adc33894cb3e2,65d2f996341d070378ca56ec,RETURNED,Not Applicable,2026-05-14T04:55:02.320000Z,,,,,,6059,CONSENT_REVOKED,CONSENT_REVOKED,CONSENT_REVOKED,CONSENT_REVOKED,CONSENT_REVOKED,CONSENT_REVOKED,CONSENT_REVOKED,CONSENT_REVOKED,CONSENT_REVOKED
6a0555bb3b53fac79a6030e6,69ba27d8069a7a4a2764ed9f,RETURNED,Not Applicable,2026-05-14T04:55:27.307000Z,,,,,,2069,CONSENT_REVOKED,CONSENT_REVOKED,CONSENT_REVOKED,CONSENT_REVOKED,CONSENT_REVOKED,CONSENT_REVOKED,CONSENT_REVOKED,CONSENT_REVOKED,CONSENT_REVOKED
6a0555be64e51b31422a5523,698cf4dee24b87ad4c3038e1,RETURNED,Not Applicable,2026-05-14T04:55:41.995000Z,,,,,,884,CONSENT_REVOKED,CONSENT_REVOKED,CONSENT_REVOKED,CONSENT_REVOKED,CONSENT_REVOKED,CONSENT_REVOKED,CONSENT_REVOKED,CONSENT_REVOKED,CONSENT_REVOKED
6a0555e9044ad699e0284b4d,69af65fb0871d7f76126ccc0,RETURNED,Not Applicable,2026-05-14T04:56:13.202000Z,,,,,,1096,CONSENT_REVOKED,CONSENT_REVOKED,CONSENT_REVOKED,CONSENT_REVOKED,CONSENT_REVOKED,CONSENT_REVOKED,CONSENT_REVOKED,CONSENT_REVOKED,CONSENT_REVOKED
6a05561bf93bf9f982c7519e,59fd7b4a728b1b0001ad86fc,RETURNED,Not Applicable,2026-05-14T05:02:40.748000Z,,,,,,1497,CONSENT_REVOKED,CONSENT_REVOKED,CONSENT_REVOKED,CONSENT_REVOKED,CONSENT_REVOKED,CONSENT_REVOKED,CONSENT_REVOKED,CONSENT_REVOKED,CONSENT_REVOKED
6a05563800fa38240dcac698,699b781fa33614257de03b48,RETURNED,Not Applicable,2026-05-14T04:57:31.606000Z,,,,,,1103,CONSENT_REVOKED,CONSENT_REVOKED,CONSENT_REVOKED,CONSENT_REVOKED,CONSENT_REVOKED,CONSENT_REVOKED,CONSENT_REVOKED,CONSENT_REVOKED,CONSENT_REVOKED
6a05569dacd283424be85a05,5fbaea1c266280b97c7d20a7,RETURNED,Not Applicable,2026-05-14T04:59:12.163000Z,,,,,,2310,CONSENT_REVOKED,CONSENT_REVOKED,CONSENT_REVOKED,CONSENT_REVOKED,CONSENT_REVOKED,CONSENT_REVOKED,CONSENT_REVOKED,CONSENT_REVOKED,CONSENT_REVOKED
6a0556a1ed69323d5d8aac6c,69fee70e465bef7d03f0f579,RETURNED,Not Applicable,2026-05-14T04:59:33.769000Z,,,,,,278,CONSENT_REVOKED,CONSENT_REVOKED,CONSENT_REVOKED,CONSENT_REVOKED,CONSENT_REVOKED,CONSENT_REVOKED,CONSENT_REVOKED,CONSENT_REVOKED,CONSENT_REVOKED
6a0556a2ced672ae0f05dde0,6009a44e7fcfa0016fe05284,RETURNED,Not Applicable,2026-05-14T04:59:17.806000Z,,,,,,2405,CONSENT_REVOKED,CONSENT_REVOKED,CONSENT_REVOKED,CONSENT_REVOKED,CONSENT_REVOKED,CONSENT_REVOKED,CONSENT_REVOKED,CONSENT_REVOKED,CONSENT_REVOKED
6a0556ba0c3b54da86a5c4d1,66312419d5e27d48fbc0a866,RETURNED,Not Applicable,2026-05-14T04:59:41.544000Z,,,,,,3191,CONSENT_REVOKED,CONSENT_REVOKED,CONSENT_REVOKED,CONSENT_REVOKED,CONSENT_REVOKED,CONSENT_REVOKED,CONSENT_REVOKED,CONSENT_REVOKED,CONSENT_REVOKED
6a0556e6d9aed9aaa35a2cf8,6609c596ac6ba651a47a15de,RETURNED,Not Applicable,2026-05-14T05:00:27.091000Z,,,,,,5804,CONSENT_REVOKED,CONSENT_REVOKED,CONSENT_REVOKED,CONSENT_REVOKED,CONSENT_REVOKED,CONSENT_REVOKED,CONSENT_REVOKED,CONSENT_REVOKED,CONSENT_REVOKED
6a0556f915732ea772a15618,5db0a97f127d4000117cdfa0,RETURNED,Not Applicable,2026-05-14T05:00:45.603000Z,,,,,,7346,CONSENT_REVOKED,CONSENT_REVOKED,CONSENT_REVOKED,CONSENT_REVOKED,CONSENT_REVOKED,CONSENT_REVOKED,CONSENT_REVOKED,CONSENT_REVOKED,CONSENT_REVOKED
6a05570b26b33ff572343cfe,69fba1d76bc977f982998a3a,RETURNED,Not Applicable,2026-05-14T05:01:19.532000Z,,,,,,529,CONSENT_REVOKED,CONSENT_REVOKED,CONSENT_REVOKED,CONSENT_REVOKED,CONSENT_REVOKED,CONSENT_REVOKED,CONSENT_REVOKED,CONSENT_REVOKED,CONSENT_REVOKED
6a05575d14b0c49a31da3095,56e6a66af6ed900006a5867c,RETURNED,Not Applicable,2026-05-14T05:02:21.534000Z,,,,,,15943,CONSENT_REVOKED,CONSENT_REVOKED,CONSENT_REVOKED,CONSENT_REVOKED,CONSENT_REVOKED,CONSENT_REVOKED,CONSENT_REVOKED,CONSENT_REVOKED,CONSENT_REVOKED
6a0557722b6477f1737df99b,6965593329d2d7fe05f0e054,RETURNED,Not Applicable,2026-05-14T05:05:55.352000Z,,,,,,1113,CONSENT_REVOKED,CONSENT_REVOKED,CONSENT_REVOKED,CONSENT_REVOKED,CONSENT_REVOKED,CONSENT_REVOKED,CONSENT_REVOKED,CONSENT_REVOKED,CONSENT_REVOKED
6a05579d581915f0bb935dcb,69f12becc21142e860c16f9d,RETURNED,Not Applicable,2026-05-14T05:03:27.698000Z,,,,,,277,CONSENT_REVOKED,CONSENT_REVOKED,CONSENT_REVOKED,CONSENT_REVOKED,CONSENT_REVOKED,CONSENT_REVOKED,CONSENT_REVOKED,CONSENT_REVOKED,CONSENT_REVOKED
6a0557a0a6ec0dd2763f9b41,6776cdf98d57e424a247e48a,RETURNED,Not Applicable,2026-05-14T05:03:31.423000Z,,,,,,4500,CONSENT_REVOKED,CONSENT_REVOKED,CONSENT_REVOKED,CONSENT_REVOKED,CONSENT_REVOKED,CONSENT_REVOKED,CONSENT_REVOKED,CONSENT_REVOKED,CONSENT_REVOKED
6a0557e28c7db3ff8947e1c0,694321d3b45228297df7b36e,RETURNED,Not Applicable,2026-05-14T05:04:39.124000Z,,,,,,184,CONSENT_REVOKED,CONSENT_REVOKED,CONSENT_REVOKED,CONSENT_REVOKED,CONSENT_REVOKED,CONSENT_REVOKED,CONSENT_REVOKED,CONSENT_REVOKED,CONSENT_REVOKED
6a0557f849588d504f20c14e,69d33b6bce42625d00cf4ca0,TIMED-OUT,Not Applicable,2026-05-14T05:05:04.922000Z,,,,1280420.0,,138,36,Male,Mixed,United States,United States,United States,English,No,Full-Time
6a05581449ddcc8623c95f6a,69c41799dfcdff198b56a122,RETURNED,Not Applicable,2026-05-14T05:05:34.079000Z,,,,,,581,CONSENT_REVOKED,CONSENT_REVOKED,CONSENT_REVOKED,CONSENT_REVOKED,CONSENT_REVOKED,CONSENT_REVOKED,CONSENT_REVOKED,CONSENT_REVOKED,CONSENT_REVOKED
6a05585dd80c8ee0747c7a3f,6696fd1fb46668008566a9bd,RETURNED,Not Applicable,2026-05-14T05:06:44.213000Z,2026-05-14T05:17:14.013000Z,,2026-05-14T05:17:14.361000Z,,XXXXXXX,3327,CONSENT_REVOKED,CONSENT_REVOKED,CONSENT_REVOKED,CONSENT_REVOKED,CONSENT_REVOKED,CONSENT_REVOKED,CONSENT_REVOKED,CONSENT_REVOKED,CONSENT_REVOKED
6a055869640c461b7cfbd06e,68b87f72a4cd11b3e742a547,RETURNED,Not Applicable,2026-05-14T05:06:53.562000Z,,,,,,1152,CONSENT_REVOKED,CONSENT_REVOKED,CONSENT_REVOKED,CONSENT_REVOKED,CONSENT_REVOKED,CONSENT_REVOKED,CONSENT_REVOKED,CONSENT_REVOKED,CONSENT_REVOKED
6a0558834e82ec27d48524da,60ef44f89b4d67be02d8eca9,RETURNED,Not Applicable,2026-05-14T05:14:26.940000Z,,,,,,5123,CONSENT_REVOKED,CONSENT_REVOKED,CONSENT_REVOKED,CONSENT_REVOKED,CONSENT_REVOKED,CONSENT_REVOKED,CONSENT_REVOKED,CONSENT_REVOKED,CONSENT_REVOKED
6a0558b692705871a5df58d7,6173c0bb92e149b4127563fe,RETURNED,Not Applicable,2026-05-14T05:09:15.117000Z,,,,,,4767,CONSENT_REVOKED,CONSENT_REVOKED,CONSENT_REVOKED,CONSENT_REVOKED,CONSENT_REVOKED,CONSENT_REVOKED,CONSENT_REVOKED,CONSENT_REVOKED,CONSENT_REVOKED
6a055900c3df07e4b60caa74,605776c7ffd8cb64476fc73f,RETURNED,Not Applicable,2026-05-14T05:09:25.037000Z,,,,,,2804,CONSENT_REVOKED,CONSENT_REVOKED,CONSENT_REVOKED,CONSENT_REVOKED,CONSENT_REVOKED,CONSENT_REVOKED,CONSENT_REVOKED,CONSENT_REVOKED,CONSENT_REVOKED
6a0559048e48ce7d01b71bc6,5f4ee7ff2c5da213f015a27e,RETURNED,Not Applicable,2026-05-14T05:09:59.859000Z,,,,,,12670,CONSENT_REVOKED,CONSENT_REVOKED,CONSENT_REVOKED,CONSENT_REVOKED,CONSENT_REVOKED,CONSENT_REVOKED,CONSENT_REVOKED,CONSENT_REVOKED,CONSENT_REVOKED
6a05591f3e7b09b68ba0294a,616c6bcb2a62b082dfe84ca1,TIMED-OUT,Not Applicable,2026-05-14T05:10:01.377000Z,,,,1280124.0,,4111,26,Female,White,United States,United States,United States,English,No,Full-Time
6a055989a5304aeb36eeb470,69f4fb4d4a7d5549ecb6870e,RETURNED,Not Applicable,2026-05-14T05:11:44.371000Z,,,,,,103,CONSENT_REVOKED,CONSENT_REVOKED,CONSENT_REVOKED,CONSENT_REVOKED,CONSENT_REVOKED,CONSENT_REVOKED,CONSENT_REVOKED,CONSENT_REVOKED,CONSENT_REVOKED
6a055a59d45e4ca721443cd1,6976cbd60063144497bcc242,RETURNED,Not Applicable,2026-05-14T05:15:12.498000Z,,,,,,1252,CONSENT_REVOKED,CONSENT_REVOKED,CONSENT_REVOKED,CONSENT_REVOKED,CONSENT_REVOKED,CONSENT_REVOKED,CONSENT_REVOKED,CONSENT_REVOKED,CONSENT_REVOKED
6a055a72089e47221ca1e308,6a046956127d2525b9255408,TIMED-OUT,Not Applicable,2026-05-14T05:15:42.509000Z,,,,1279783.0,,293,32,Female,White,United States,United States,United States,English,No,Full-Time
6a055a72b04dbd2e31774282,69f8f44c913001399d8c3d60,RETURNED,Not Applicable,2026-05-14T05:22:20.216000Z,,,,,,205,CONSENT_REVOKED,CONSENT_REVOKED,CONSENT_REVOKED,CONSENT_REVOKED,CONSENT_REVOKED,CONSENT_REVOKED,CONSENT_REVOKED,CONSENT_REVOKED,CONSENT_REVOKED
6a055a73a54235b689cbb105,69db301a027c02c097df3d2b,RETURNED,Not Applicable,2026-05-14T05:15:37.433000Z,,,,,,220,CONSENT_REVOKED,CONSENT_REVOKED,CONSENT_REVOKED,CONSENT_REVOKED,CONSENT_REVOKED,CONSENT_REVOKED,CONSENT_REVOKED,CONSENT_REVOKED,CONSENT_REVOKED
6a055a8a061d5d0712b35111,6a00c8d6d758a648e073d8e7,RETURNED,Not Applicable,2026-05-14T05:16:30.575000Z,,,,,,149,CONSENT_REVOKED,CONSENT_REVOKED,CONSENT_REVOKED,CONSENT_REVOKED,CONSENT_REVOKED,CONSENT_REVOKED,CONSENT_REVOKED,CONSENT_REVOKED,CONSENT_REVOKED
6a055a8c79ecb439fbc8779f,69e543f231f1883b1a062e18,RETURNED,Not Applicable,2026-05-14T05:15:59.365000Z,,,,,,449,CONSENT_REVOKED,CONSENT_REVOKED,CONSENT_REVOKED,CONSENT_REVOKED,CONSENT_REVOKED,CONSENT_REVOKED,CONSENT_REVOKED,CONSENT_REVOKED,CONSENT_REVOKED
6a055aebfab6d491b0997b7e,696045a3e464213c52ceb0bd,RETURNED,Not Applicable,2026-05-14T05:17:51.564000Z,,,,,,3044,CONSENT_REVOKED,CONSENT_REVOKED,CONSENT_REVOKED,CONSENT_REVOKED,CONSENT_REVOKED,CONSENT_REVOKED,CONSENT_REVOKED,CONSENT_REVOKED,CONSENT_REVOKED
6a055af7f2b4344cf68274e5,69c3730f1390810c52c97843,RETURNED,Not Applicable,2026-05-14T05:18:18.595000Z,,,,,,351,CONSENT_REVOKED,CONSENT_REVOKED,CONSENT_REVOKED,CONSENT_REVOKED,CONSENT_REVOKED,CONSENT_REVOKED,CONSENT_REVOKED,CONSENT_REVOKED,CONSENT_REVOKED
6a055bd9192579f441824a3e,69a389e2af112a787cc66458,RETURNED,Not Applicable,2026-05-14T05:21:48.295000Z,,,,,,1322,CONSENT_REVOKED,CONSENT_REVOKED,CONSENT_REVOKED,CONSENT_REVOKED,CONSENT_REVOKED,CONSENT_REVOKED,CONSENT_REVOKED,CONSENT_REVOKED,CONSENT_REVOKED
6a055bdc41ca222207606b3c,69f44b62a989b06fd7d33741,RETURNED,Not Applicable,2026-05-14T05:21:44.209000Z,,,,,,429,CONSENT_REVOKED,CONSENT_REVOKED,CONSENT_REVOKED,CONSENT_REVOKED,CONSENT_REVOKED,CONSENT_REVOKED,CONSENT_REVOKED,CONSENT_REVOKED,CONSENT_REVOKED
6a055be2660b63b7a3a0d6a4,663e5cf112f5d047cf5c9fad,RETURNED,Not Applicable,2026-05-14T05:21:44.450000Z,,,,,,2657,CONSENT_REVOKED,CONSENT_REVOKED,CONSENT_REVOKED,CONSENT_REVOKED,CONSENT_REVOKED,CONSENT_REVOKED,CONSENT_REVOKED,CONSENT_REVOKED,CONSENT_REVOKED
6a055be474b277874556635d,69e2a94ed89c5bc414bfda0e,TIMED-OUT,Not Applicable,2026-05-14T05:21:40.646000Z,,,,1279425.0,,22,18,Male,White,United States,United States,United States,English,Yes,Unemployed (and job seeking)
6a055bf92e532027a046bb07,6943112231de947e3850dcfc,RETURNED,Not Applicable,2026-05-14T05:22:04.722000Z,,,,,,1334,CONSENT_REVOKED,CONSENT_REVOKED,CONSENT_REVOKED,CONSENT_REVOKED,CONSENT_REVOKED,CONSENT_REVOKED,CONSENT_REVOKED,CONSENT_REVOKED,CONSENT_REVOKED
6a064df510c6b926014699e7,6717f0ac88d9f27d9b79af31,RETURNED,Not Applicable,2026-05-14T22:34:32.968000Z,,,,,,4057,CONSENT_REVOKED,CONSENT_REVOKED,CONSENT_REVOKED,CONSENT_REVOKED,CONSENT_REVOKED,CONSENT_REVOKED,CONSENT_REVOKED,CONSENT_REVOKED,CONSENT_REVOKED
6a064df8dc2c30d7e30a3db6,6a03a8c69f563e24c13a7469,RETURNED,Not Applicable,2026-05-14T22:34:38.480000Z,2026-05-14T22:38:06.164000Z,,2026-05-14T22:38:06.515000Z,,NOCODE,116,CONSENT_REVOKED,CONSENT_REVOKED,CONSENT_REVOKED,CONSENT_REVOKED,CONSENT_REVOKED,CONSENT_REVOKED,CONSENT_REVOKED,CONSENT_REVOKED,CONSENT_REVOKED
6a064e18064bbb82d4a38934,610c940475aedaf9c70a190e,RETURNED,Not Applicable,2026-05-14T22:35:10.987000Z,,,,,,9153,CONSENT_REVOKED,CONSENT_REVOKED,CONSENT_REVOKED,CONSENT_REVOKED,CONSENT_REVOKED,CONSENT_REVOKED,CONSENT_REVOKED,CONSENT_REVOKED,CONSENT_REVOKED
6a064e7649812241700a3db2,5dd034d1fce606114e3bb8e0,RETURNED,Not Applicable,2026-05-14T22:36:50.246000Z,,,,,,5909,CONSENT_REVOKED,CONSENT_REVOKED,CONSENT_REVOKED,CONSENT_REVOKED,CONSENT_REVOKED,CONSENT_REVOKED,CONSENT_REVOKED,CONSENT_REVOKED,CONSENT_REVOKED
6a064e7c12aefa8c6a72e6d1,691cce11dba0246ae096e537,RETURNED,Not Applicable,2026-05-14T22:36:50.022000Z,,,,,,1017,CONSENT_REVOKED,CONSENT_REVOKED,CONSENT_REVOKED,CONSENT_REVOKED,CONSENT_REVOKED,CONSENT_REVOKED,CONSENT_REVOKED,CONSENT_REVOKED,CONSENT_REVOKED
6a064ee0f06b81bf57b701b7,6141563b3e1d6856256a5e40,RETURNED,Not Applicable,2026-05-14T22:38:31.336000Z,,,,,,5370,CONSENT_REVOKED,CONSENT_REVOKED,CONSENT_REVOKED,CONSENT_REVOKED,CONSENT_REVOKED,CONSENT_REVOKED,CONSENT_REVOKED,CONSENT_REVOKED,CONSENT_REVOKED
6a064ee38ecc32a8822a964c,64707fd9bca46372e3a80468,RETURNED,Not Applicable,2026-05-14T22:38:32.799000Z,,,,,,3790,CONSENT_REVOKED,CONSENT_REVOKED,CONSENT_REVOKED,CONSENT_REVOKED,CONSENT_REVOKED,CONSENT_REVOKED,CONSENT_REVOKED,CONSENT_REVOKED,CONSENT_REVOKED
6a064f98075b9985be3bec9b,69bb135a86ce67d62d6bb670,TIMED-OUT,Not Applicable,2026-05-14T22:41:37.449000Z,,,,1217028.0,,356,34,Male,Black,United States,United States,United States,English,No,Full-Time
6a064fd58fdb30f414085f2b,6266a599c7361af8b51a95e0,RETURNED,Not Applicable,2026-05-14T22:42:33.538000Z,,,,,,4258,CONSENT_REVOKED,CONSENT_REVOKED,CONSENT_REVOKED,CONSENT_REVOKED,CONSENT_REVOKED,CONSENT_REVOKED,CONSENT_REVOKED,CONSENT_REVOKED,CONSENT_REVOKED
6a064fd9c40e0a44901aa394,69f99586950c372732992414,RETURNED,Not Applicable,2026-05-14T22:42:41.253000Z,,,,,,59,CONSENT_REVOKED,CONSENT_REVOKED,CONSENT_REVOKED,CONSENT_REVOKED,CONSENT_REVOKED,CONSENT_REVOKED,CONSENT_REVOKED,CONSENT_REVOKED,CONSENT_REVOKED
